facility_id,expected_yield
1,329442.1194999999
4,303186.99149999995
2,256183.65049999996
3,340720.521
5,242067.99699999994
6,276879.54649999994
7,215352.5825
8,288593.6275
9,294639.828
11,236859.82499999998
10,256323.21149999998
12,243453.719
13,66089.96299999999
