facility_id,expected_yield
1,328486.32449999993
4,326888.3664999999
3,315278.295
2,253395.38099999996
5,244999.49049999996
6,278798.2345
7,215830.89399999997
8,287860.01
10,287124.014
12,261763.89349999998
9,267894.46099999995
11,228340.05149999997
13,38949.86749999999
