facility_id,expected_yield
1,331221.98649999994
4,326230.2344999999
2,240892.16649999996
3,325888.36600000004
6,251455.34699999992
5,280027.744
7,215480.93099999998
8,288799.50850000005
11,252870.59100000004
9,279447.10499999986
12,262910.904
10,231471.29900000003
13,63853.169499999996
